seed,k,method,optimal,length,found_route,ratio,is_optimal,valid_fraction,optimal_mass,top_is_valid,seconds,evals
0,3,exact,12,12,True,1.0,True,,,,,
0,3,greedy,12,12,True,1.0,True,,,,,
0,3,random_sampling,12,12,True,1.0,True,0.01025390625,,,,
0,3,qaoa_p1,12,12,True,1.0,True,0.064453125,0.043212890625,True,1.7972025871276855,34
0,3,qaoa_p2,12,12,True,1.0,True,0.110595703125,0.080078125,True,2.2638118267059326,49
1,3,exact,14,14,True,1.0,True,,,,,
1,3,greedy,14,16,True,1.1428571428571428,False,,,,,
1,3,random_sampling,14,14,True,1.0,True,0.01171875,,,,
1,3,qaoa_p1,14,14,True,1.0,True,0.099609375,0.02685546875,False,1.5744616985321045,28
1,3,qaoa_p2,14,14,True,1.0,True,0.0068359375,0.001953125,False,3.4658000469207764,45
2,3,exact,10,10,True,1.0,True,,,,,
2,3,greedy,10,10,True,1.0,True,,,,,
2,3,random_sampling,10,10,True,1.0,True,0.010986328125,,,,
2,3,qaoa_p1,10,10,True,1.0,True,0.019775390625,0.019775390625,False,2.0435285568237305,32
2,3,qaoa_p2,10,10,True,1.0,True,0.06298828125,0.06298828125,False,2.5422239303588867,40
3,3,exact,14,14,True,1.0,True,,,,,
3,3,greedy,14,14,True,1.0,True,,,,,
3,3,random_sampling,14,14,True,1.0,True,0.01416015625,,,,
3,3,qaoa_p1,14,14,True,1.0,True,0.11474609375,0.078369140625,True,1.9797766208648682,31
3,3,qaoa_p2,14,14,True,1.0,True,0.06396484375,0.063720703125,False,3.2065258026123047,47
4,3,exact,12,12,True,1.0,True,,,,,
4,3,greedy,12,12,True,1.0,True,,,,,
4,3,random_sampling,12,12,True,1.0,True,0.011962890625,,,,
4,3,qaoa_p1,12,12,True,1.0,True,0.028564453125,0.01025390625,False,2.4185798168182373,28
4,3,qaoa_p2,12,12,True,1.0,True,0.02197265625,0.008056640625,False,2.462658643722534,35
5,3,exact,16,16,True,1.0,True,,,,,
5,3,greedy,16,16,True,1.0,True,,,,,
5,3,random_sampling,16,16,True,1.0,True,0.01220703125,,,,
5,3,qaoa_p1,16,16,True,1.0,True,0.00830078125,0.001708984375,False,1.8327929973602295,30
5,3,qaoa_p2,16,16,True,1.0,True,0.01953125,0.004638671875,False,2.5831544399261475,39
6,3,exact,14,14,True,1.0,True,,,,,
6,3,greedy,14,14,True,1.0,True,,,,,
6,3,random_sampling,14,14,True,1.0,True,0.014404296875,,,,
6,3,qaoa_p1,14,14,True,1.0,True,0.018310546875,0.00341796875,False,2.0064709186553955,31
6,3,qaoa_p2,14,14,True,1.0,True,0.008056640625,0.0068359375,False,3.0257303714752197,47
7,3,exact,10,10,True,1.0,True,,,,,
7,3,greedy,10,10,True,1.0,True,,,,,
7,3,random_sampling,10,10,True,1.0,True,0.01025390625,,,,
7,3,qaoa_p1,10,10,True,1.0,True,0.00244140625,0.001220703125,False,1.521913766860962,26
7,3,qaoa_p2,10,10,True,1.0,True,0.01806640625,0.0126953125,False,2.7521140575408936,42
8,3,exact,10,10,True,1.0,True,,,,,
8,3,greedy,10,10,True,1.0,True,,,,,
8,3,random_sampling,10,10,True,1.0,True,0.009765625,,,,
8,3,qaoa_p1,10,10,True,1.0,True,0.00439453125,0.001953125,False,1.7208061218261719,28
8,3,qaoa_p2,10,10,True,1.0,True,0.134521484375,0.04296875,True,2.356260061264038,34
9,3,exact,12,12,True,1.0,True,,,,,
9,3,greedy,12,12,True,1.0,True,,,,,
9,3,random_sampling,12,12,True,1.0,True,0.011474609375,,,,
9,3,qaoa_p1,12,12,True,1.0,True,0.021240234375,0.01416015625,False,2.123661518096924,30
9,3,qaoa_p2,12,12,True,1.0,True,0.0068359375,0.006591796875,False,2.7119557857513428,41
10,3,exact,14,14,True,1.0,True,,,,,
10,3,greedy,14,14,True,1.0,True,,,,,
10,3,random_sampling,14,14,True,1.0,True,0.010498046875,,,,
10,3,qaoa_p1,14,14,True,1.0,True,0.01611328125,0.0068359375,False,1.7744734287261963,28
10,3,qaoa_p2,14,14,True,1.0,True,0.0126953125,0.01025390625,False,2.4902656078338623,41
11,3,exact,12,12,True,1.0,True,,,,,
11,3,greedy,12,12,True,1.0,True,,,,,
11,3,random_sampling,12,12,True,1.0,True,0.011962890625,,,,
11,3,qaoa_p1,12,12,True,1.0,True,0.095458984375,0.06298828125,False,2.2628350257873535,35
11,3,qaoa_p2,12,12,True,1.0,True,0.012451171875,0.010009765625,False,2.503826379776001,39
12,3,exact,16,16,True,1.0,True,,,,,
12,3,greedy,16,16,True,1.0,True,,,,,
12,3,random_sampling,16,16,True,1.0,True,0.01220703125,,,,
12,3,qaoa_p1,16,16,True,1.0,True,0.052001953125,0.0185546875,False,2.1485776901245117,32
12,3,qaoa_p2,16,16,True,1.0,True,0.162353515625,0.055908203125,True,2.698227643966675,38
13,3,exact,16,16,True,1.0,True,,,,,
13,3,greedy,16,16,True,1.0,True,,,,,
13,3,random_sampling,16,16,True,1.0,True,0.013671875,,,,
13,3,qaoa_p1,16,16,True,1.0,True,0.060302734375,0.02001953125,True,2.267587900161743,32
13,3,qaoa_p2,16,16,True,1.0,True,0.138916015625,0.039306640625,True,2.406308174133301,39
14,3,exact,16,16,True,1.0,True,,,,,
14,3,greedy,16,16,True,1.0,True,,,,,
14,3,random_sampling,16,16,True,1.0,True,0.013427734375,,,,
14,3,qaoa_p1,16,16,True,1.0,True,0.031494140625,0.011474609375,False,1.8087048530578613,28
14,3,qaoa_p2,16,16,True,1.0,True,0.003173828125,0.001953125,False,2.6163952350616455,42
15,3,exact,10,10,True,1.0,True,,,,,
15,3,greedy,10,10,True,1.0,True,,,,,
15,3,random_sampling,10,10,True,1.0,True,0.014892578125,,,,
15,3,qaoa_p1,10,10,True,1.0,True,0.00341796875,0.003173828125,False,1.933088779449463,29
15,3,qaoa_p2,10,10,True,1.0,True,0.01611328125,0.01123046875,False,2.6537997722625732,40
16,3,exact,10,10,True,1.0,True,,,,,
16,3,greedy,10,10,True,1.0,True,,,,,
16,3,random_sampling,10,10,True,1.0,True,0.012451171875,,,,
16,3,qaoa_p1,10,10,True,1.0,True,0.009033203125,0.004638671875,False,2.0233864784240723,28
16,3,qaoa_p2,10,10,True,1.0,True,0.108154296875,0.0703125,False,3.264810085296631,53
17,3,exact,14,14,True,1.0,True,,,,,
17,3,greedy,14,14,True,1.0,True,,,,,
17,3,random_sampling,14,14,True,1.0,True,0.012939453125,,,,
17,3,qaoa_p1,14,14,True,1.0,True,0.028076171875,0.01904296875,False,2.0962557792663574,31
17,3,qaoa_p2,14,14,True,1.0,True,0.01220703125,0.008056640625,False,2.5481815338134766,39
18,3,exact,16,16,True,1.0,True,,,,,
18,3,greedy,16,18,True,1.125,False,,,,,
18,3,random_sampling,16,16,True,1.0,True,0.010986328125,,,,
18,3,qaoa_p1,16,16,True,1.0,True,0.062255859375,0.023681640625,False,1.699493408203125,29
18,3,qaoa_p2,16,16,True,1.0,True,0.165283203125,0.057373046875,True,2.4742848873138428,40
19,3,exact,12,12,True,1.0,True,,,,,
19,3,greedy,12,12,True,1.0,True,,,,,
19,3,random_sampling,12,12,True,1.0,True,0.011962890625,,,,
19,3,qaoa_p1,12,12,True,1.0,True,0.06201171875,0.0390625,True,1.8275461196899414,30
19,3,qaoa_p2,12,12,True,1.0,True,0.00732421875,0.0048828125,False,2.953902006149292,44
0,4,exact,12,12,True,1.0,True,,,,,
0,4,greedy,12,12,True,1.0,True,,,,,
0,4,random_sampling,12,,False,,False,0.0,,,,
0,4,qaoa_p1,12,12,True,1.0,True,0.005859375,0.000244140625,False,5.309594392776489,34
0,4,qaoa_p2,12,20,True,1.6666666666666667,False,0.000244140625,0.0,False,7.221193552017212,40
1,4,exact,14,14,True,1.0,True,,,,,
1,4,greedy,14,16,True,1.1428571428571428,False,,,,,
1,4,random_sampling,14,,False,,False,0.0,,,,
1,4,qaoa_p1,14,22,True,1.5714285714285714,False,0.000244140625,0.0,False,5.107458591461182,28
1,4,qaoa_p2,14,16,True,1.1428571428571428,False,0.00048828125,0.0,False,7.271865367889404,43
2,4,exact,10,10,True,1.0,True,,,,,
2,4,greedy,10,10,True,1.0,True,,,,,
2,4,random_sampling,10,12,True,1.2,False,0.000244140625,,,,
2,4,qaoa_p1,10,,False,,False,0.0,0.0,False,4.956643581390381,30
2,4,qaoa_p2,10,10,True,1.0,True,0.000732421875,0.000244140625,False,6.949259996414185,38
3,4,exact,14,14,True,1.0,True,,,,,
3,4,greedy,14,14,True,1.0,True,,,,,
3,4,random_sampling,14,14,True,1.0,True,0.000244140625,,,,
3,4,qaoa_p1,14,,False,,False,0.0,0.0,False,7.0440123081207275,31
3,4,qaoa_p2,14,20,True,1.4285714285714286,False,0.001708984375,0.0,False,6.7954261302948,37
4,4,exact,18,18,True,1.0,True,,,,,
4,4,greedy,18,20,True,1.1111111111111112,False,,,,,
4,4,random_sampling,18,,False,,False,0.0,,,,
4,4,qaoa_p1,18,,False,,False,0.0,0.0,False,6.364732503890991,33
4,4,qaoa_p2,18,24,True,1.3333333333333333,False,0.00048828125,0.0,False,6.602185964584351,42
5,4,exact,18,18,True,1.0,True,,,,,
5,4,greedy,18,18,True,1.0,True,,,,,
5,4,random_sampling,18,20,True,1.1111111111111112,False,0.000244140625,,,,
5,4,qaoa_p1,18,,False,,False,0.0,0.0,False,5.0583295822143555,27
5,4,qaoa_p2,18,18,True,1.0,True,0.00341796875,0.000244140625,False,7.122232913970947,43
6,4,exact,14,14,True,1.0,True,,,,,
6,4,greedy,14,14,True,1.0,True,,,,,
6,4,random_sampling,14,18,True,1.2857142857142858,False,0.0009765625,,,,
6,4,qaoa_p1,14,18,True,1.2857142857142858,False,0.00048828125,0.0,False,4.84293007850647,29
6,4,qaoa_p2,14,14,True,1.0,True,0.009521484375,0.001220703125,False,6.278055906295776,43
7,4,exact,14,14,True,1.0,True,,,,,
7,4,greedy,14,14,True,1.0,True,,,,,
7,4,random_sampling,14,14,True,1.0,True,0.000732421875,,,,
7,4,qaoa_p1,14,14,True,1.0,True,0.000244140625,0.000244140625,False,5.102129220962524,31
7,4,qaoa_p2,14,14,True,1.0,True,0.00439453125,0.00244140625,False,6.115458965301514,36
8,4,exact,10,10,True,1.0,True,,,,,
8,4,greedy,10,10,True,1.0,True,,,,,
8,4,random_sampling,10,16,True,1.6,False,0.00048828125,,,,
8,4,qaoa_p1,10,10,True,1.0,True,0.0244140625,0.00537109375,False,5.4334046840667725,36
8,4,qaoa_p2,10,10,True,1.0,True,0.000732421875,0.000244140625,False,6.562215328216553,38
9,4,exact,16,16,True,1.0,True,,,,,
9,4,greedy,16,16,True,1.0,True,,,,,
9,4,random_sampling,16,20,True,1.25,False,0.000244140625,,,,
9,4,qaoa_p1,16,16,True,1.0,True,0.00048828125,0.00048828125,False,4.852125644683838,31
9,4,qaoa_p2,16,18,True,1.125,False,0.0009765625,0.0,False,6.083989381790161,37
10,4,exact,14,14,True,1.0,True,,,,,
10,4,greedy,14,14,True,1.0,True,,,,,
10,4,random_sampling,14,16,True,1.1428571428571428,False,0.000244140625,,,,
10,4,qaoa_p1,14,20,True,1.4285714285714286,False,0.000732421875,0.0,False,5.023306846618652,32
10,4,qaoa_p2,14,20,True,1.4285714285714286,False,0.0009765625,0.0,False,6.256935119628906,37
11,4,exact,14,14,True,1.0,True,,,,,
11,4,greedy,14,14,True,1.0,True,,,,,
11,4,random_sampling,14,,False,,False,0.0,,,,
11,4,qaoa_p1,14,20,True,1.4285714285714286,False,0.000244140625,0.0,False,5.673649072647095,35
11,4,qaoa_p2,14,14,True,1.0,True,0.000732421875,0.00048828125,False,6.740176200866699,40
12,4,exact,16,16,True,1.0,True,,,,,
12,4,greedy,16,16,True,1.0,True,,,,,
12,4,random_sampling,16,16,True,1.0,True,0.00048828125,,,,
12,4,qaoa_p1,16,16,True,1.0,True,0.00146484375,0.000732421875,False,4.770878314971924,30
12,4,qaoa_p2,16,16,True,1.0,True,0.010986328125,0.00341796875,True,9.490323066711426,49
13,4,exact,16,16,True,1.0,True,,,,,
13,4,greedy,16,18,True,1.125,False,,,,,
13,4,random_sampling,16,20,True,1.25,False,0.000244140625,,,,
13,4,qaoa_p1,16,,False,,False,0.0,0.0,False,5.235866069793701,33
13,4,qaoa_p2,16,,False,,False,0.0,0.0,False,6.969737529754639,41
14,4,exact,16,16,True,1.0,True,,,,,
14,4,greedy,16,16,True,1.0,True,,,,,
14,4,random_sampling,16,,False,,False,0.0,,,,
14,4,qaoa_p1,16,18,True,1.125,False,0.000732421875,0.0,False,4.569645643234253,29
14,4,qaoa_p2,16,18,True,1.125,False,0.00048828125,0.0,False,7.4242753982543945,44
15,4,exact,16,16,True,1.0,True,,,,,
15,4,greedy,16,16,True,1.0,True,,,,,
15,4,random_sampling,16,,False,,False,0.0,,,,
15,4,qaoa_p1,16,16,True,1.0,True,0.001220703125,0.00048828125,False,3.9365458488464355,31
15,4,qaoa_p2,16,16,True,1.0,True,0.0029296875,0.001220703125,False,7.526693344116211,51
16,4,exact,14,14,True,1.0,True,,,,,
16,4,greedy,14,16,True,1.1428571428571428,False,,,,,
16,4,random_sampling,14,,False,,False,0.0,,,,
16,4,qaoa_p1,14,16,True,1.1428571428571428,False,0.00048828125,0.0,False,4.797071695327759,29
16,4,qaoa_p2,14,14,True,1.0,True,0.000732421875,0.00048828125,False,5.940040826797485,36
17,4,exact,14,14,True,1.0,True,,,,,
17,4,greedy,14,14,True,1.0,True,,,,,
17,4,random_sampling,14,14,True,1.0,True,0.00048828125,,,,
17,4,qaoa_p1,14,14,True,1.0,True,0.01123046875,0.005859375,False,3.7791242599487305,30
17,4,qaoa_p2,14,14,True,1.0,True,0.01318359375,0.00634765625,False,5.819821834564209,35
18,4,exact,18,18,True,1.0,True,,,,,
18,4,greedy,18,18,True,1.0,True,,,,,
18,4,random_sampling,18,18,True,1.0,True,0.000244140625,,,,
18,4,qaoa_p1,18,18,True,1.0,True,0.000732421875,0.000244140625,False,5.069357633590698,30
18,4,qaoa_p2,18,18,True,1.0,True,0.001220703125,0.000244140625,False,6.3118813037872314,38
19,4,exact,16,16,True,1.0,True,,,,,
19,4,greedy,16,16,True,1.0,True,,,,,
19,4,random_sampling,16,22,True,1.375,False,0.00048828125,,,,
19,4,qaoa_p1,16,16,True,1.0,True,0.00537109375,0.00146484375,False,4.831352949142456,33
19,4,qaoa_p2,16,16,True,1.0,True,0.000732421875,0.000732421875,False,8.487134218215942,48
